GROUP,PACKAGE,CLASS,INSTRUCTION_MISSED,INSTRUCTION_COVERED,BRANCH_MISSED,BRANCH_COVERED,LINE_MISSED,LINE_COVERED,COMPLEXITY_MISSED,COMPLEXITY_COVERED,METHOD_MISSED,METHOD_COVERED
messageformatter,com.github.mygreen.messageformatter.expression,SpelExpressionEvaluator,25,97,6,8,0,25,6,7,0,6
messageformatter,com.github.mygreen.messageformatter.expression,StaticMethodMapCreator,1,44,1,5,0,9,1,6,0,4
messageformatter,com.github.mygreen.messageformatter.expression,JexlExpressionEvaluator,28,84,5,5,3,20,5,4,1,3
messageformatter,com.github.mygreen.messageformatter.expression,ObjectCache,78,52,10,4,13,15,9,4,3,3
messageformatter,com.github.mygreen.messageformatter.expression,CustomFunctions,21,167,6,40,3,48,6,24,0,7
messageformatter,com.github.mygreen.messageformatter,StackUtils,14,70,4,12,2,16,4,8,0,4
messageformatter,com.github.mygreen.messageformatter,ParameterFormatter,16,54,2,4,6,12,2,6,0,5
messageformatter,com.github.mygreen.messageformatter,MessageFormatter,25,50,5,5,0,12,5,4,0,4
messageformatter,com.github.mygreen.messageformatter,MessageParseException,7,0,0,0,3,0,1,0,1,0
messageformatter,com.github.mygreen.messageformatter,MessageInterpolator,30,447,10,54,6,90,10,33,0,11
messageformatter,com.github.mygreen.messageformatter,MessageFormatter.Builder,0,113,0,0,0,17,0,9,0,9
messageformatter,com.github.mygreen.messageformatter.beanvalidation,CustomMessageInterpolator,19,171,4,6,4,30,5,6,1,5
